SB;BB;Ante BB;Durée;Pause
25;50;50;30;
50;100;100;30;
75;150;150;30;
100;200;200;30;
150;300;300;30;
;;;45;Pause repas 45 minutes
200;400;400;30;
250;500;500;30;
300;600;500;30;
400;800;500;30;
;;;15;Pause 15 minutes (CR des 25)
500;1000;500;30;
600;1200;600;30;
800;1600;800;30;
1000;2000;1000;30;
;;;15;Pause 15 minutes
1200;2400;1200;30;
1500;3000;1500;30;
2000;4000;2000;30;
2500;5000;2500;30;
;;;30;Pause repas 30 minutes (CR des 100)
3000;6000;3000;30;
4000;8000;4000;30;
5000;10000;5000;30;
6000;12000;6000;30;
;;;15;Pause 15 minutes (CR des 500)
8000;16000;8000;30;
10000;20000;10000;30;
12000;24000;12000;30;
15000;30000;15000;30;
;;;15;Pause 15 minutes (CR des 1000)
20000;40000;20000;30;
25000;50000;25000;30;
30000;60000;30000;30;
40000;80000;40000;30;
;;;10;Pause 10 minutes (CR des 5000)
50000;100000;50000;20;
60000;120000;60000;20;
80000;160000;80000;20;
100000;200000;100000;20;
